address	pendingRewards	formatted
0xaA11cF08664deC11717D622eb248284C222fc0d8	1414642825	1.414642825
0xeB9C4B0638B96eD089eC879d42536859ea0Eb69F	1076737776	1.076737776
0x7E0F28666620C1C1A910B95b5CBBc28259c131C0	1977978098	1.977978098
0x761C5A008969081dF6e80Fe57dC0dC9549989fdF	220227615	0.220227615
0x820Ecb05FF888614b339192e52Ed92F1C8cDaD7a	263351630	0.26335163
0xB8Fb616494a303F5BAB5077dDC2770eaCffCe2D4	220622633	0.220622633
0x1003a77A3Ec2Ae2270C4D67BddF32b80eB72C9Ee	374670632	0.374670632
0xC2690EDdE996E5C56c9B7faFCdbDf257A780446B	259671871	0.259671871
0x6D3783A68208717328f7f6D9bB94A6bb41053Dfe	656363437	0.656363437
0x5A9dAe6A0D74Fceb11bD42AE37A0BfF2498A2b4A	371464407	0.371464407
0x43992873Dd22e78A43f892D69991dAc93d08C034	3162028366	3.162028366
0xcB11cf068AA0303F933CA7D23a047C140d07C8C7	3339839895	3.339839895
0xFA3417396A352EB8e399B676b93cd5e68ba0C6C3	3615303278	3.615303278
0xB3b24B2f2cC782fa924e5b32298910eBa347e79f	2658259551	2.658259551
0x82743032E2381c5EF86B89c768BCD8f20a94869B	2302090916	2.302090916
0x8269755BBE01C69B19e75136D6536717a6B84060	524227943	0.524227943
0xa46CC7e472d22459d4D1542e84FfdFaFc91e2Bc5	1879079193	1.879079193
0xfEfea9427Bef554Cc572bC4E887a0b9642fd8f4E	497041261	0.497041261
0x5A9343cC5D654113559D1367d1089AFF2b487318	1807232596	1.807232596
0xc79E0A818F2dbed705eF3e2a7cfe776D88F6e401	601555002	0.601555002
0xAeCE318CFcba28407Ff466FFc35DeDC7C657D772	240211018	0.240211018
0xD3eE2b5BCDa21D5d6FeBED540C09Ec99537093c8	779686054	0.779686054
0xC34Ea5454039F7efB0C4E7445124E70fA20421b6	313028367	0.313028367
0xac83971202b692d8F427CcCB11A30cc1C3A0a563	316052672	0.316052672
0xc08Dc45A693D44e829275894F4e6BBC0Ee948d94	422056449	0.422056449
0xeaF7814CDf7236Bc5992D19CC455F9C92B00AA9e	241463400	0.2414634
0xc89781ffDF1d679727deBbcaab0a3cd3CfDf099d	580649435	0.580649435
0xa840EDa104B24F295AB36cE4f5108315fcdc3447	982131563	0.982131563
0x804a2E4436c837b11B8515d204F8ea779ec111a6	5339002235	5.339002235
0x4aF25D38018Eb79F7b5C629A5F961a1fDFe2f6b7	842152291	0.842152291
0xa7B3A70dAcd79e179C2Bc89837424167Ec320Ec5	350762009	0.350762009
0x3708320a3c1716fb2758C7E3e27698Cf1def6CCC	558458253	0.558458253
0x9A7751ED3560D9a0Ed0A33d6993A95d873023D8D	1227952822	1.227952822
0xE98B6B0575B376ce1A45abb33b9FBA1d7ea3B194	202087100	0.2020871
0x5E8d4113c418E8D02831426e98397b7629748bb7	215389035	0.215389035
0x73312A9db178145EBAE2B94E1867b4C355eD07DA	608721173	0.608721173
0x778c0d8B111fd742dAdb4F3dD48De51be945F41e	225175611	0.225175611
0xF75CbeA68a8D2940eD9E08d2F6aD9aa8d8a4d0EA	363656883	0.363656883
0xd4B8ba16A136535118Cde0C8eB5044A4D910AFb6	511122644	0.511122644
0xA8FC18176aa2009436212bfA1331C60d8B83D610	519071703	0.519071703
0x7f534820c3931B168b1A46e16f677ae9bc4914b6	2257199819	2.257199819
0xE24c322324e02cDd9989D3092bE456e92cDe53F2	2329019774	2.329019774
0xaeEF513b28313c7F8e80891A7434bc2AE5104609	1274220066	1.274220066
0x0000000d458f2b3CEf4CD93bd5bAB7F47f78fdeA	376192511	0.376192511
0x2f73dfDb84EA09d07a205297B4a68F93D6685c82	265354496	0.265354496
0xB618b47b564d49512C1B2FBe71f53Ac012C9Db8A	478987190	0.47898719
0xdaa59aF441bE795E5b91a32b7793a770e6ef8e4f	205898948	0.205898948
0xA1851e5fcC51C337213B086364762d5AaDEa2141	418567830	0.41856783
0xFE76a46434d91D84Cb5161D044C2b461c2d26DC2	307547825	0.307547825
0x93468fBED8c5C1E2cA574E23f524B515E6962cdD	280950605	0.280950605
0x32beeCDC2c256f4C5da649136a3fCD6c4c8d22dC	1151041241	1.151041241
0xD49fADDab563978ed6D2a4459546584fEFFBe08d	276780347	0.276780347
0xDD0f35c302d930634E1De98f27AEcdA391a4b92a	281880704	0.281880704
0x46f7ed76D6A505087c297e4cFbfAE93d1e42dBb3	698753460	0.69875346
0x255Be6D417D25d553414fb9608EF6303af9EB771	820136866	0.820136866
0x5241b25e3edfFFe3843e720417ab67957CE93B5a	358293033	0.358293033
0xe6544210F5fbA456c3571300524038a83F7001a3	817649754	0.817649754
0x48b4197C74035CF6f02D3648989A369789284b82	587541606	0.587541606
0x182B22BD43dBA63Fa7D4e1Ce3Ed4f945BDd30982	301321094	0.301321094
0xa590640E7E0ace8bE1c294CF665DB1c03143267E	794324117	0.794324117
0x2977d6f59c7fD42b4bCb74A8Da2E8466ada16E2d	220192555	0.220192555
0x617422977E8209C4312cEC651D4639F29303d73E	315137027	0.315137027
0x16C40905ba8fEeD84a82f984b1CB33a8e31a9012	940456589	0.940456589
0x57acbD662dcf80C5Cf068e773053e7f90C64D5B6	1333184267	1.333184267
0xC1A073b137b77d77A01327F038C4344611569264	2597795755	2.597795755
0x23bD8b5AAcEe49c81fc8a1E9f9D62Bd155688C96	1124444299	1.124444299
0xB0a1Be32dF8C8248a54389af5D5528C38d92D5be	426667835	0.426667835
0xB576010Dc09CA8704a954556f4F75E38DCCe9A86	2147918340	2.14791834
0x6AfDc1c82ed770C46b36a9fB6Bc3E176aDe01eDC	482273074	0.482273074
0xAF687C8c61641444d3C47c8CD565B9eDdfF888D5	231956126	0.231956126
0x2B5d03D0775d1d5097F1E1dF5Be7707c36297864	248816919	0.248816919
0x4206C3D5083460411E76DBd30504FeC3B56D387a	329726816	0.329726816
0x64BaEb02876AA58078aA25c1c43b7a5492873559	852853805	0.852853805
0x5B1515A2013379165c1272354e67204a75cE5273	530380431	0.530380431
0x9E21F76D4E27842ae69F9DA206260BE2dbb498B2	520630678	0.520630678
0x1487E5F88521c891f514467DF190d6678BFfA69A	394256238	0.394256238
0x3d2d410C0744b93AdAE1057d370aC3199D6E5843	371476206	0.371476206
0xc00Ca37a2b46Cf926a2C9E32961241330431a46A	277516842	0.277516842
0x43ce45127B92D08D078d1C7643Cb45F4A21C9ae2	4734832284	4.734832284
0x939dAC8072B20a93e5a74E266867e9dc74Aa9430	307394840	0.30739484
0x1c165CE53E9C5af5E9296f2756C358082B1f7671	786118406	0.786118406
0x89F9C96B93BA7Ecc9018B8f362079FB517DeEd03	727471831	0.727471831
0x5fDdAF29681F3aCD3ee5D88Ef150F066b4db9890	354785693	0.354785693
0x02c29a0c85a0F899AC7e86E286AE3590bE8ad1e2	351917048	0.351917048
0xbE3AeAa36376FDf4741513E4e902C5222eAe87A1	336394619	0.336394619
0xa9531D3B5483bef6FaE3B4Be62Ccd83697aB92b1	426278979	0.426278979
0x5C90cE5F9D84B6011385ae01366c5726C39bF23a	859746366	0.859746366
0x774855406086E9524904A224149866977Db3CA2c	330468812	0.330468812
0x4225BAef0ACab90090b7C2EeaDe8b94104Af0300	255766312	0.255766312
0x062658BE4b19601b1F059EFB831a19CeDA285f97	1302898665	1.302898665
0xb4F7Dc88BD697BF1dD205b7921Ace812331a4895	960947691	0.960947691
0x22c9568f8a6A0d19AC680Ce79F0ABAd7e99Af7b8	626136699	0.626136699
0xe3eD0d4B567243DfD2076f8fBc32c3529c45a380	667871838	0.667871838
0x6e4AcF047c974dEa98c3DEB0c5f539eF6129Ae5E	776142684	0.776142684
0xbdfc67d272b9227C3768FF4691d44cc255E9709C	433437125	0.433437125
0xE094514690E136c0d0c23b5371f767BDEF320506	425349550	0.42534955
0x31e71918aCfB95feB32A34ab03F26C01E4d6A966	216337322	0.216337322
0xCbF5812bb791b52EA380D6BdEddcee30946C46a2	330580368	0.330580368
0x97605e1A5f8463256921A80b52F16fd4C036aD32	495830427	0.495830427
0x50B5459c6b90D0830bF7E592aAec3F59E50569A0	556962360	0.55696236
0x298eeC00D3f3D262De5Efd7652f3AC3A201DDe86	587732316	0.587732316
0x1bEA69ba373f2d18dd417326DE3Bc71Ede695f30	808722202	0.808722202
0x28f6AE4cEC9864cb85aCE4a28101567BD7Ba3ec2	1414642825	1.414642825
0xcE84c1bE5a1502C47a2151C2CDAF8467048f1Cc1	1344896416	1.344896416
0x61896Ff7c3BaC9F95B12eb97Cc26d710eDE99EB5	567127346	0.567127346
0xaDDd5A1D51Bff4d67E67ae23FaD94B6B287DE78C	306352988	0.306352988
0x7f54acE8D6D9d5f66F5a7F657F1bebfAa5BACF65	1962691280	1.96269128
0x82806Bd59F60bf3ab6b579Cf2c70cb057D8FEC82	265580355	0.265580355
0x923B00bB691C58656Dd811c5576AdA5d878F7803	393887797	0.393887797
0x5beA434F17D9D319E3fEA195294cA0BE5b247843	200656164	0.200656164
0x4ab763159DD3B595b5dc22b438E6026bBF0679dc	202552089	0.202552089
0xcb2c2b150a40CCf5Bf45FF25A6F6e7978fA3EAf3	3635060550	3.63506055
0xBa39BF5DB0CC53337fFBF4aB2Bd2c014f12d0aE2	211672143	0.211672143
0x100E363333588d6832E9Fb6D2d0092d75baef396	343699272	0.343699272
0x859F896DDe33b9C820cD1Df17Cfd576D7F2a2015	525102290	0.52510229
0xA5FE8f281DA9c360Ee81D1e75208EDEb26d9e5ab	506824921	0.506824921
0x8576144E540e97E6B06522DC2b3ad2e6CB07003b	215872548	0.215872548
0x9ab9138e801721616Bc92303E5ed54f57726b19C	758195783	0.758195783
0x7D57B8B8A731Cc1fc1E661842790e1864d5Cf4E8	277858923	0.277858923
0x88a1341e4d90bdE0251Ecc4528E8B4238628E982	239094135	0.239094135
0x0542A140d9c119c03C47cBdca77a750a750c7078	559080105	0.559080105
0x1935cD5321A30f1eb066F1fddb147d5B60e8dee2	207093560	0.20709356
0x8A935dE8B48Dc2c0Fe759adD2ec7B4312f4BAE71	241479546	0.241479546
0xaFc089B2Ac239372F9Cb0b55d2313D4b7D617721	1325683191	1.325683191
0x63e1EFe4433bfb5Aa793679b1A3a837C087CA756	575469907	0.575469907
0x3004892CF2946356e8e4570a94748afDFF86681C	224375909	0.224375909
0x98915686E23032a1D3b8596BaDD7fAdf147d5c00	748056262	0.748056262
0xD8D215F19BfECe9f513bf4034aCf5595bFC80a2f	1560525278	1.560525278
0xc7BCE04163374984e6aA210B3B8E444067DF2355	673071465	0.673071465
0x81C1b193aE065BE17C43A47C341953874306FFAc	300600057	0.300600057
0x10ce81fc2E3707dC5B82EA6D0217b44a4C4F0209	250074107	0.250074107
0xcEF880757Ed8eD7A5049283E19EEcccC83f1A1E2	317592509	0.317592509
0x1ed6888d4f72190083f2E1eA9fDE7C6Fac50FfEa	1892995693	1.892995693
0x45fc328B7c31fcEC3bE7a322f8309a0e5F348a10	2983297919	2.983297919
0x3aBbdAa9Cce81D3eb5ed6E9995ec98097725A576	291322403	0.291322403
0x7C43a9C3b85619be2F7C0a4D676eCd373f63b73C	662788951	0.662788951
0x568214c7f68827450f736BEe256E7BEc7e41bEaA	1360791731	1.360791731
0x70EB66f1c9e1Bb1350FE42E9C30440aEFe2ee2c3	679810453	0.679810453
0x299EB4081997ace30Fb2dc63F57bAeF5a99783bE	414396376	0.414396376
0x437bf54b982B433F2d5c1c00213cced09d77E7BD	669939352	0.669939352
0x272B372A6Ede31f7003bcb7A4976380EC899d331	238936743	0.238936743
0x7273AFF4Db439Df1261ff7c2596B76F7389F3eaC	213662055	0.213662055
0x0a4A2D75A9539F518A53c34E3887174d03e9ceE7	212652993	0.212652993
0xC01dCC6676554FEAb4Bb355C989C01001135B986	329543549	0.329543549
0xA161FDbb9C345689f7987cD3aC7c7E9CA583c418	318472425	0.318472425
0xc27e87cfe1fd2Ed6F43DFfFBb9E9e46428497a24	472566710	0.47256671
0x4a3f28a8eC307b9684EF5620867781A468E71091	431619036	0.431619036
0xA09D74e99DaC66942120edb44447d0A618282024	297342013	0.297342013
0xFd7761E6C01C75f2DE1D01c6f0F846BC88778f48	357880264	0.357880264
0xBf2aD8A41e083d7fA7894d199C93734b5C55790F	336717907	0.336717907
0xC12B982d4409bf1Ded94734726daeFF4CD63Df8d	302969256	0.302969256
0x1fA536059a9A833F8Ed3B3B9F7c357c5a331cd80	803668808	0.803668808
0x1e6DA01cf34373cF673434E51Dc3124b70ba4663	223373743	0.223373743
0xD1a0944DF631ed82eBe687fD6b86b0B73E9093d7	1825013032	1.825013032
0x0A0b860Bb5aB14e1B53EaDBBbf994fEEDC55834D	225635743	0.225635743
0xef4269A9349004f60fCAA154eda9176AaC6C5B7C	263882964	0.263882964
0xDBeC9D6eA46F8809CE6827B9890392c55f62AF89	220904436	0.220904436
0xEcA5b6c509c7f83759ad510f6625Ff0738005F8c	261989173	0.261989173
0x88BDaBf9a10F82Dd2D590a82ce58E303911D992D	231435424	0.231435424
0x69518EFdFAFBEfB6479AD281AFff269240600cF5	578279219	0.578279219
0xCfbe4d4c0AbB318241EA50a8c7aE4632B382F8F4	228846089	0.228846089
0x2e954Cb36B58820C432936F9F929D6cFBCc0CC26	428879408	0.428879408
0x7b0C543032cD934416A388AC7e7CB6Ba1fB021C6	282831667	0.282831667
0x9dC457AA701acE72DdD35D4AAD38152834d9276A	425584802	0.425584802
0x45C76fC3D921BcDc511076b55ed211a10fbc714c	1186298139	1.186298139
0xf34c39AF49Bcbbfa0D7C3CEADeF6B1DBFDe23099	648452638	0.648452638
0x6B9F20917F9E61Da178C4B2f09B8b55037f179ca	1186298139	1.186298139
0x094fd6cfe5521CF115448a3ff45BDF5B70a2e40D	690497843	0.690497843
0x2C0Fa9E1BB0b423CB1B7C16B6aE49D408f2A6531	604798723	0.604798723
0x8BB37b6619997F8f4BB9a27a1118D9725C95d398	398950671	0.398950671
0xDAfBED6Fc9A5783983994Aa7748ff79729caf1E9	1125138105	1.125138105
0x042554EB204691E08C22f44Cb4588ee783a84c40	201338235	0.201338235
0x109CbA5468ac3C7dbcDd0feeb7636cD3705165e1	445769523	0.445769523
0x7A789dbD042475857cF62415581C463c3002531f	231079730	0.23107973
0x1210c6597a32F68301d01EbC28682a8dE0A75efe	275047539	0.275047539
0x4b53e317C5Fed469D9da4Ea1E7ac9694def4e82f	304666357	0.304666357
0x071fE20663C1d0b630F71e6F4Ac5C2eD8055092D	285074136	0.285074136
0x8efc4B2fcb5e332baE55b937679Dfb1878260196	1029722992	1.029722992
0x201eEC84A2992685B689849844B3bCFbA3E56E85	515474689	0.515474689
0xb5223732351458a14abefb1c26956025ff1ae187	349271125	0.349271125
0xd6bD4b4f626Cb1D2aeA881d13B9E4D691281C9a9	580844097	0.580844097
0x0FDa32B8144e206c78b6Baa3d6826AE8574eC263	294122274	0.294122274
0x436f56E6B5a85A7d4a74917164123C438b8457e9	402563914	0.402563914
0x539469d5453F60F97A7878d66d97c56a8D7f4D94	353411247	0.353411247
total	137280409341	137.280409341
